,hourly,hourly,daily,daily
,Sion,Tänikon,Sion,Tänikon
O3,5.49e-34,1.2e-19,0.196,0.158
NO2,0.441,1.36e-06,0.134,0.208
PM10,0.000534,7.65e-11,0.452,0.0513
NOX,0.00551,6.88e-05,0.156,0.307
